Accession,FBgn
Q9W1G7,FBgn0015268
Q9VLB4,FBgn0032122
Q9V559,FBgn0033397
Q9W3C4,FBgn0041629
Q9W1Q4,FBgn0034860
X2JEX8,FBgn0004047
Q9VM97,FBgn0031850
D5AEJ9,FBgn0003435
P13469,FBgn0002780
O62621,FBgn0025724
M9PBV1,FBgn0001208
P26675,FBgn0001965
Q9VNV3,FBgn0015075
Q9VI97,FBgn0051496
Q60GL7,FBgn0034521
A0A0B4LG35,FBgn0265834
Q9VSH7,FBgn0035875
Q9VM69,FBgn0026196
Q8IN51,FBgn0051205
Q95RB2,FBgn0033728
P25843,FBgn0000308
Q9VLM9,FBgn0032032
Q7JVH6,FBgn0033101
Q9W2J6,FBgn0265191
Q8T0T9,FBgn0025712
P40304,FBgn0002284
B4ZJ93,FBgn0259958
Q9VI34,FBgn0037456
Q8SZM2,FBgn0032538
Q9VLX9,FBgn0031942
O18388,FBgn0262743
Q9VWV6,FBgn0022355
Q7JWD3,FBgn0033191
Q8IPU0,FBgn0037057
Q9VVQ9,FBgn0052199
Q9W2N0,FBgn0034577
Q7K127,FBgn0034117
Q9V3Y7,FBgn0028526
A1Z877,FBgn0026403
Q9V3Z9,FBgn0028544
Q9VCR2,FBgn0039049
Q9VL50,FBgn0011584
A1ZBJ8,FBgn0034435
B7Z103,FBgn0259223
A0A0B4LFA6,FBgn0033886
Q9VRU2,FBgn0061492
P02574,FBgn0000045
M9MS37,FBgn0259243
Q9V7U0,FBgn0034157
Q9VLY1,FBgn0031940
Q9VVQ7,FBgn0036796
Q7K0E6,FBgn0002069
Q9V4C7,FBgn0259214
X2JEM4,FBgn0030136
Q4V6H2,FBgn0034415
Q9I7J0,FBgn0038774
A0A4D6K293,FBgn0000711
Q9VAT8,FBgn0039597
P27619,FBgn0003392
Q9VGW1,FBgn0261053
Q9VIS3,FBgn0032820
Q9V9U0,FBgn0003065
Q9VWG1,FBgn0031037
P08171,FBgn0000592
Q26416,FBgn0014454
A1Z713,FBgn0033194
Q9VB29,FBgn0039521
Q9VZI3,FBgn0035498
A0A0B4KGX9,FBgn0038073
Q9VX17,FBgn0030870
Q9VGS2,FBgn0037874
Q9W077,FBgn0035281
Q9VBT8,FBgn0039310
A8E702,FBgn0031660
Q9V5C6,FBgn0023175
Q9VHC3,FBgn0000244
Q7KT29,FBgn0032827
Q8SXQ1,FBgn0036857
X2JCG8,FBgn0028491
Q1RKY9,FBgn0039897
Q9VF51,FBgn0038349
A1ZAZ6,FBgn0034278
A0A0B4K6K5,FBgn0263024
Q8IQ63,FBgn0015766
Q9W243,FBgn0034736
A1ZBE9,FBgn0034401
Q7JZ37,FBgn0033471
A0A0B4LGZ1,FBgn0004003
Q9VYV3,FBgn0030329
A0A0B4LGH1,FBgn0003888
Q9VCA1,FBgn0286199
Q9VPR0,FBgn0260933
M9PD18,FBgn0265262
M9PF46,FBgn0036030
C4NAP3,FBgn0261058
P45437,FBgn0008635
Q8SX68,FBgn0034308
Q9VCH1,FBgn0260634
Q9VBK1,FBgn0250757
Q9VKQ8,FBgn0032294
Q9VXT0,FBgn0030660
M9PHT9,FBgn0262508
A0A0B4LET7,FBgn0025469
Q9VIB5,FBgn0015575
Q9VVQ5,FBgn0265268
Q9VUW1,FBgn0036550
C4NAN9,FBgn0261054
Q8I0D4,FBgn0038181
Q9W201,FBgn0259145
Q9VXF6,FBgn0264077
Q9VL18,FBgn0032198
A0A0B4K6N4,FBgn0082582
Q9VXM4,FBgn0030703
Q9VM18,FBgn0031908
Q9VVU1,FBgn0036824
Q9VP22,FBgn0037093
Q7KQP6,FBgn0005666
Q9VQA3,FBgn0250841
P13607,FBgn0002921
Q8IQA1,FBgn0035871
P33438,FBgn0001114
P04657,FBgn0086907
M9PGV6,FBgn0250789
Q8T3W8,FBgn0037888
Q8T3W8,FBgn0037879
Q7K2U6,FBgn0033287
Q6IGY0,FBgn0085239
M9NDL5,FBgn0284408
Q9VMV5,FBgn0016075
Q9VLQ7,FBgn0028987
Q9VK60,FBgn0032453
P61209,FBgn0010348
Q9W401,FBgn0261955
P18432,FBgn0002773
M9PJN8,FBgn0001092
Q9VNE1,FBgn0037345
Q8SZY4,FBgn0050104
Q9VII7,FBgn0028986
P08120,FBgn0000299
Q9VE00,FBgn0038681
Q9VIE8,FBgn0010100
O18640,FBgn0020618
Q9VXN3,FBgn0030699
A1Z784,FBgn0033246
Q9VEB1,FBgn0262559
Q95TZ7,FBgn0035917
Q9VFC7,FBgn0038294
Q9VMK0,FBgn0031758
A4V1N8,FBgn0003149
Q9U6L5,FBgn0004181
Q9VVL0,FBgn0036756
Q9VZG2,FBgn0035510
Q9V3I5,FBgn0020412
Q8INF0,FBgn0038295
Q9V3D8,FBgn0040493
Q9VWL4,FBgn0030990
Q86BG3,FBgn0053170
A4V3Q6,FBgn0000557
A0A0B4KHJ9,FBgn0004117
A0A0B4K6X3,FBgn0026238
A1Z8I5,FBgn0040763
Q9VI96,FBgn0037498
Q9VXI1,FBgn0286508
Q00174,FBgn0002526
Q7JR58,FBgn0033879
P00334,FBgn0000055
Q9W3L4,FBgn0029990
P15372,FBgn0000120
Q8IPM0,FBgn0037248
A8JNP2,FBgn0000116
Q7K3N4,FBgn0033679
M9PBJ1,FBgn0052311
Q6NR30,FBgn0028953
A4UZZ4,FBgn0004507
Q6IH48,FBgn0054051
Q07093,FBgn0013972
Q9VSA9,FBgn0035817
Q9VQL7,FBgn0283427
Q9VQ61,FBgn0001125
A1ZAC8,FBgn0053017
Q9VT27,FBgn0053696
P82147,FBgn0011296
P53501,FBgn0000044
Q9VUY9,FBgn0003076
M9PBJ0,FBgn0086906
Q9VM81,FBgn0031859
Q3YMU0,FBgn0033663
Q9Y119,FBgn0027560
P06742,FBgn0002772
A0A0B4LJ12,FBgn0000150
Q8MZB8,FBgn0051542
Q9VAX7,FBgn0003890
Q9VYR1,FBgn0030362
M9NE68,FBgn0001224
A1Z7Z4,FBgn0033446
Q8T405,FBgn0039254
M9PJQ5,FBgn0283471
A0A0B4K877,FBgn0262845
A0A0B4K6E6,FBgn0037890
A1Z8U4,FBgn0010621
O46037,FBgn0004397
Q9VNW6,FBgn0037146
Q7JYW9,FBgn0001187
P54399,FBgn0286818
O76464,FBgn0024945
M9NEP1,FBgn0264695
Q94514,FBgn0019624
Q03427,FBgn0010397
Q9VSX2,FBgn0035982
Q9VI32,FBgn0037454
M9PF16,FBgn0250788
P13706,FBgn0001128
Q7KVX5,FBgn0029687
Q9VZ12,FBgn0030283
Q9VBN5,FBgn0039359
Q9VMB8,FBgn0031831
A1A711,FBgn0085336
Q9VL70,FBgn0040064
M9PIP2,FBgn0028550
Q9VQM2,FBgn0031505
Q8IQ00,FBgn0031518
Q7JWQ7,FBgn0034709
P54385,FBgn0001098
Q8INN3,FBgn0051415
Q9VKX2,FBgn0262782
Q94920,FBgn0004363
P11147,FBgn0266599
A0A0B4LHU2,FBgn0039688
Q9W1U3,FBgn0034825
Q23982,FBgn0011694
A0A0B4LFU6,FBgn0034417
P11046,FBgn0261800
Q09332,FBgn0014075
Q058Z8,FBgn0050324
A1ZBD8,FBgn0034391
Q9VK29,FBgn0032478
Q7KN94,FBgn0010516
Q6GUT7,FBgn0034152
Q02748,FBgn0001942
Q9VL52,FBgn0051755
O77134,FBgn0038224
Q9VSW2,FBgn0035978
A1ZA73,FBgn0265045
Q9VMU6,FBgn0031678
P12646,FBgn0004057
P46415,FBgn0011768
Q8IQG9,FBgn0022709
Q24560,FBgn0284243
P84029,FBgn0284248
Q95TL8,FBgn0030734
X2JG03,FBgn0004959
Q9VP62,FBgn0037064
Q9VLG0,FBgn0040963
A0A0S0WH10,FBgn0287423
A0A0B4LGZ7,FBgn0266446
P02283,FBgn0001198
P02283,FBgn0061209
P02283,FBgn0053868
P02283,FBgn0053870
P02283,FBgn0053872
P02283,FBgn0053874
P02283,FBgn0053876
P02283,FBgn0053878
P02283,FBgn0053880
P02283,FBgn0053882
P02283,FBgn0053884
P02283,FBgn0053886
P02283,FBgn0053888
P02283,FBgn0053890
P02283,FBgn0053892
P02283,FBgn0053894
P02283,FBgn0053896
P02283,FBgn0053898
P02283,FBgn0053900
P02283,FBgn0053902
P02283,FBgn0053904
P02283,FBgn0053906
P02283,FBgn0053908
P02283,FBgn0053910
Q7JXC4,FBgn0034259
Q9W4Z1,FBgn0003159
P41572,FBgn0004654
A0A0B4K7X0,FBgn0262571
P02843,FBgn0004045
C0HKQ8,FBgn0000277
P25160,FBgn0000115
P00399,FBgn0013674
M9NFG6,FBgn0262842
P22464,FBgn0000083
P48149,FBgn0010198
Q9VFC8,FBgn0266064
P83967,FBgn0000047
Q9VZ34,FBgn0030263
Q9VX69,FBgn0030828
A8JNU6,FBgn0010352
M9PDP3,FBgn0032773
P84040,FBgn0001200
P84040,FBgn0051611
P84040,FBgn0053869
P84040,FBgn0053871
P84040,FBgn0053873
P84040,FBgn0053875
P84040,FBgn0053877
P84040,FBgn0053879
P84040,FBgn0053881
P84040,FBgn0053883
P84040,FBgn0053885
P84040,FBgn0053887
P84040,FBgn0053889
P84040,FBgn0053891
P84040,FBgn0053893
P84040,FBgn0053895
P84040,FBgn0053897
P84040,FBgn0053899
P84040,FBgn0053901
P84040,FBgn0053903
P84040,FBgn0053905
P84040,FBgn0053907
P84040,FBgn0053909
P84040,FBgn0013981
Q3HKQ3,FBgn0052203
Q9VKR1,FBgn0032291
P41042,FBgn0011284
Q9VQB7,FBgn0264672
A0A0B4LGL0,FBgn0265991
B7Z0M7,FBgn0270925
A0A0B4J401,FBgn0034420
Q6NN09,FBgn0039830
P07486,FBgn0001091
Q7YU05,FBgn0028325
Q9VLW2,FBgn0031955
Q9VGG6,FBgn0037962
Q9XZH6,FBgn0283536
Q9VIQ8,FBgn0032833
Q9VJ59,FBgn0032704
P36188,FBgn0283471
A0A0B4LHL7,FBgn0016120
X2JB25,FBgn0005391
Q9V9Q6,FBgn0086779
Q9W4E4,FBgn0029747
Q9VLM0,FBgn0040098
Q7K2I4,FBgn0036415
Q9VAR7,FBgn0039616
A1Z9M2,FBgn0033906
Q9VXM5,FBgn0260938
M9NH07,FBgn0004169
Q9VUR6,FBgn0036518
P27716,FBgn0004646
P05389,FBgn0003274
Q0KHZ6,FBgn0039697
B5RIR1,FBgn0015776
Q868Z9,FBgn0003137
M9PEC6,FBgn0030339
M9PCQ1,FBgn0015623
Q9VS34,FBgn0035753
C6SUW3,FBgn0010408
Q9VQ02,FBgn0031333
E1JHW5,FBgn0035240
Q9V397,FBgn0028479
Q9VH94,FBgn0028997
P41094,FBgn0010411
Q9VJX7,FBgn0032525
Q9VK96,FBgn0032424
M9PE19,FBgn0035348
Q9VN21,FBgn0263594
Q9VAW7,FBgn0039576
Q9V3G1,FBgn0261602
Q9VUH8,FBgn0036450
Q8MLZ7,FBgn0020414
Q86BA5,FBgn0053105
Q95RA9,FBgn0038149
P06606,FBgn0087040
Q24400,FBgn0014863
O97066,FBgn0262801
A0A0B4KGN2,FBgn0019960
Q9VSL8,FBgn0260442
Q8IQG0,FBgn0052086
O77410,FBgn0025582
Q9V3J1,FBgn0027779
Q9VDM3,FBgn0038797
Q9V9W2,FBgn0039857
Q9VR44,FBgn0031645
P02518,FBgn0001226
A0A0B4KFS3,FBgn0037942
Q7YTY6,FBgn0028988
Q9V3J4,FBgn0024509
Q9VLT7,FBgn0031980
Q9V8R9,FBgn0010434
Q8INW1,FBgn0051697
A0A0B4KGP0,FBgn0020299
Q9VYQ5,FBgn0030369
Q6IHY5,FBgn0085201
Q8SX24,FBgn0037435
Q9VQ29,FBgn0021906
C0HK95,FBgn0266451
Q9NJH0,FBgn0029176
Q9VWH4,FBgn0027291
Q9W4U2,FBgn0029648
B7YZV3,FBgn0264815
P08736,FBgn0284245
A0A0B4LFD9,FBgn0033912
Q9VK69,FBgn0032444
Q9VAY2,FBgn0039562
A1Z7Z6,FBgn0040093
E1JJ74,FBgn0037464
Q9VBX2,FBgn0039280
D1Z3A2,FBgn0016119
Q8I0F1,FBgn0051538
Q7JQU6,FBgn0050376
P29310,FBgn0004907
Q9VZK1,FBgn0035482
Q9W1H8,FBgn0025352
Q9VI39,FBgn0037461
Q9VPH9,FBgn0036970
A8JUM9,FBgn0030889
Q9W286,FBgn0034700
B7Z0R7,FBgn0039705
O97479,FBgn0024289
P08646,FBgn0003205
P84051,FBgn0001196
P84051,FBgn0051618
P84051,FBgn0053808
P84051,FBgn0053814
P84051,FBgn0053817
P84051,FBgn0053820
P84051,FBgn0053823
P84051,FBgn0053826
P84051,FBgn0053829
P84051,FBgn0053832
P84051,FBgn0053835
P84051,FBgn0053838
P84051,FBgn0053841
P84051,FBgn0053844
P84051,FBgn0053847
P84051,FBgn0053850
P84051,FBgn0053862
P84051,FBgn0053865
Q9V426,FBgn0024183
Q9W0V5,FBgn0035097
Q8IQQ3,FBgn0261565
Q9VG86,FBgn0038033
O02649,FBgn0015245
O18332,FBgn0285937
Q8IMY4,FBgn0051413
Q9VKS9,FBgn0043825
Q9V3S0,FBgn0010019
Q9W227,FBgn0034753
Q8MT58,FBgn0287767
X2J5G6,FBgn0005593
Q8IMS7,FBgn0261287
Q9W0X0,FBgn0010435
Q9VVC9,FBgn0036686
Q9VBM3,FBgn0039371
Q53YH3,FBgn0005585
P29327,FBgn0261592
Q9V3H9,FBgn0028471
Q95SI7,FBgn0038924
Q9VI35,FBgn0051482
Q9V438,FBgn0025678
Q7JYM7,FBgn0033794
Q9VVK6,FBgn0261998
Q9VJE7,FBgn0032632
O96860,FBgn0026141
Q7KW39,FBgn0023537
Q9VRM8,FBgn0035619
Q9VQ22,FBgn0031347
Q8T485,FBgn0038357
Q9V9M7,FBgn0032987
Q7K2S9,FBgn0259795
Q9VJ18,FBgn0028569
A0A0B4KEF1,FBgn0028561
Q9VS57,FBgn0035771
A1Z8X1,FBgn0054021
O77460,FBgn0016687
P41374,FBgn0261609
Q9VZU4,FBgn0266582
E1JIQ7,FBgn0064119
A0A0B4KFR7,FBgn0027356
Q6XK19,FBgn0266756
Q9VTW1,FBgn0036272
Q9VN30,FBgn0037254
Q9VWB4,FBgn0036969
B4ZJA7,FBgn0259975
Q86BL9,FBgn0052985
E2QCS7,FBgn0265264
Q9VI08,FBgn0037432
Q9V7N5,FBgn0262511
M9PE30,FBgn0035499
Q0E9N2,FBgn0010482
Q9VMN5,FBgn0031728
Q9VBF9,FBgn0039421
Q9V496,FBgn0087002
Q3HKQ0,FBgn0083938
Q9VGE9,FBgn0260745
A1Z998,FBgn0050058
A1Z9C4,FBgn0033834
Q7KMP8,FBgn0028691
X2JEB6,FBgn0026415
Q8T3R9,FBgn0038892
Q9VBU9,FBgn0039300
Q86BM5,FBgn0027932
Q9VDT4,FBgn0038739
P23380,FBgn0262736
E1JJF3,FBgn0027108
Q9VZ72,FBgn0035585
P15007,FBgn0000579
A0A0B4K6N1,FBgn0039713
Q9VRG5,FBgn0031171
Q9VLZ8,FBgn0083141
Q05547,FBgn0003132
Q9VG32,FBgn0002719
A0A0B4KHF0,FBgn0015221
Q9W2M4,FBgn0034583
M9MRC9,FBgn0285948
Q9VX85,FBgn0030814
Q9VHR9,FBgn0037579
Q6IDF5,FBgn0033961
Q8INL4,FBgn0051467
P29845,FBgn0001220
P48159,FBgn0010078
Q7K2N3,FBgn0038799
Q8INR5,FBgn0051473
A1Z9Z7,FBgn0034007
Q0E980,FBgn0033919
Q9VEL5,FBgn0051418
Q9VGT3,FBgn0040259
Q7KJ73,FBgn0029506
E2QD16,FBgn0262527
Q9Y112,FBgn0027552
Q9VSM4,FBgn0017429
A1ZBU8,FBgn0034512
P15215,FBgn0267348
Q9W5R8,FBgn0064225
P21187,FBgn0265297
Q9VIY3,FBgn0032768
Q9Y170,FBgn0041102
Q59DT1,FBgn0032957
Q9VA54,FBgn0039788
Q9VZ73,FBgn0035584
A1Z9J4,FBgn0033885
A1Z7H3,FBgn0263120
Q9VLJ7,FBgn0032055
Q7K084,FBgn0033268
Q86BA8,FBgn0053189
Q9VVA4,FBgn0036663
Q9U1L2,FBgn0040349
M9NEZ5,FBgn0264975
O16797,FBgn0020910
Q9W233,FBgn0053143
B5RJQ0,FBgn0001258
E1JIZ5,FBgn0029155
A4V0N4,FBgn0263598
Q9W099,FBgn0035262
Q9V597,FBgn0285949
Q8INU9,FBgn0051680
Q8INB6,FBgn0250823
A1ZBX0,FBgn0034532
Q9VAN7,FBgn0014869
C8VV14,FBgn0000064
A0A0B4LF54,FBgn0015714
Q7KB18,FBgn0034405
Q7KGG1,FBgn0033952
Q9VA91,FBgn0039757
P29844,FBgn0001218
Q9VA47,FBgn0039796
M9PIM0,FBgn0024733
Q9I7S8,FBgn0020513
M9PG65,FBgn0261059
Q7JY07,FBgn0034173
A0A0B4KHU1,FBgn0026056
Q9VWI0,FBgn0031021
Q8IR19,FBgn0052576
Q9V771,FBgn0033978
Q9VXZ8,FBgn0027601
Q9W1N3,FBgn0034877
Q9VVW8,FBgn0036848
Q9VGT0,FBgn0026314
Q7K4T8,FBgn0033734
Q9VQ04,FBgn0031335
Q9VPR3,FBgn0031265
Q9NFT9,FBgn0042711
Q9W2J5,FBgn0265180
Q9VSR8,FBgn0035943
Q9W0F7,FBgn0035216
P25007,FBgn0004432
A8JV22,FBgn0030038
Q9VQC0,FBgn0031424
X2J4W8,FBgn0266449
Q9VQ01,FBgn0031332
Q9VGA0,FBgn0038020
Q9VGZ3,FBgn0024957
Q95RF6,FBgn0036928
Q4V6L1,FBgn0250846
Q9W3X7,FBgn0029888
Q9VDW5,FBgn0038709
Q4V516,FBgn0083946
A1ZAH8,FBgn0034138
Q7K2U8,FBgn0028560
Q9VPV7,FBgn0031296
Q0E8T7,FBgn0083960
Q7KSW3,FBgn0051472
Q9VE02,FBgn0038679
Q9VGF7,FBgn0260743
Q4QPY7,FBgn0050093
Q8T3W3,FBgn0037483
Q9VW82,FBgn0036941
A0A0B4LID7,FBgn0038745
Q8IQP3,FBgn0052163
X2JC31,FBgn0000319
Q9V3A8,FBgn0035909
P05623,FBgn0003034
Q9W141,FBgn0035032
Q94522,FBgn0004888
P55828,FBgn0019936
Q9VJY4,FBgn0032520
Q7KTJ2,FBgn0032003
P81641,FBgn0000078
Q9VXQ5,FBgn0027329
P14318,FBgn0002789
Q7KTF1,FBgn0032314
Q9VQL0,FBgn0031496
Q9VTU2,FBgn0011455
P41126,FBgn0011272
Q4V3Z6,FBgn0260761
Q9V3L7,FBgn0027785
Q8SWW4,FBgn0032481
Q9VSM6,FBgn0035915
Q9VG65,FBgn0286507
A1ZAH1,FBgn0285943
Q9W130,FBgn0015040
Q6GUR9,FBgn0034153
Q2PDR9,FBgn0250785
Q9VNE9,FBgn0037351
Q4V5H8,FBgn0037460
A0A6F7SG83,FBgn0037339
Q0KI89,FBgn0083943
A1Z959,FBgn0050486
A0A0B4KHN1,FBgn0014141
A4V362,FBgn0259222
Q9VFM2,FBgn0038210
Q9VDH8,FBgn0038834
A0AQH0,FBgn0010590
A1Z8V7,FBgn0033706
Q7K3M6,FBgn0034479
Q9VIL5,FBgn0032868
Q9W3M7,FBgn0029979
P35416,FBgn0003149
C0HK94,FBgn0266448
Q8SXC9,FBgn0052488
Q9W0S7,FBgn0035121
Q7JXG2,FBgn0034464
Q9W3R3,FBgn0029947
Q9Y171,FBgn0027615
Q9VGQ1,FBgn0037891
P55035,FBgn0015283
Q9W2D1,FBgn0034658
Q8T8S2,FBgn0034800
Q9VHL9,FBgn0037626
A0A0B4KGG5,FBgn0267975
Q7JYH3,FBgn0034576
A4V0U4,FBgn0032721
Q9W235,FBgn0034745
Q7KRS1,FBgn0051693
Q7KSQ0,FBgn0037912
P48601,FBgn0015282
Q9VZJ1,FBgn0035491
P45594,FBgn0011726
Q9VW23,FBgn0036895
C9QPD4,FBgn0261561
Q9VRL0,FBgn0035600
O97102,FBgn0264922
Q9VUG9,FBgn0036442
Q8T4I5,FBgn0051128
E1JIJ5,FBgn0005671
Q9VJW8,FBgn0028513
Q9W2X6,FBgn0028342
Q9W5X1,FBgn0031089
Q9VI17,FBgn0260766
Q9V9P9,FBgn0032965
A0A0B7P9G0,FBgn0262124
Q9VHH1,FBgn0037664
M9PB84,FBgn0004867
X2JF59,FBgn0040309
Q9W0T7,FBgn0035111
A0A0B4LHN5,FBgn0261287
M9PD14,FBgn0005633
Q9VC05,FBgn0020626
Q9VKD5,FBgn0032391
Q9VYH6,FBgn0030440
Q86NP5,FBgn0053233
O62526,FBgn0025111
Q9VQE0,FBgn0026479
Q9VCV4,FBgn0024958
Q9VTP4,FBgn0036213
X2J8Y6,FBgn0011559
Q9VGJ4,FBgn0265271
Q9VED6,FBgn0038565
Q9VHR8,FBgn0037580
P10333,FBgn0002855
Q9VDV3,FBgn0038722
Q9W2A0,FBgn0034687
Q24439,FBgn0016691
Q9VNJ3,FBgn0037388
Q9VAF0,FBgn0039714
P20432,FBgn0001149
A0A0B4LG52,FBgn0034743
A1Z9F8,FBgn0033856
Q9VMP6,FBgn0031720
Q9VCN9,FBgn0039067
Q9W330,FBgn0001186
Q6NP72,FBgn0033608
C8VV60,FBgn0036286
Q9VUM4,FBgn0036490
Q9VH14,FBgn0025879
Q9VTI5,FBgn0036162
Q9VN57,FBgn0037276
Q9W0I5,FBgn0035196
Q9VQD7,FBgn0031436
A0A0B4K7Z5,FBgn0028689
Q7JWD6,FBgn0266711
Q9VE75,FBgn0028670
Q9VD32,FBgn0038944
Q7K5N8,FBgn0034229
Q9VZS5,FBgn0035422
Q24117,FBgn0011760
Q7K511,FBgn0023507
Q9V3Z4,FBgn0028690
Q9VU57,FBgn0036348
Q7JV41,FBgn0050462
Q8IPP8,FBgn0051548
M9PGG4,FBgn0000117
Q9VEE9,FBgn0038552
Q7K5K9,FBgn0034132
A1Z7K3,FBgn0033344
Q9W402,FBgn0029868
Q9VKK2,FBgn0032339
P19889,FBgn0000100
A8DZ29,FBgn0023213
Q9XYN7,FBgn0026380
Q9W229,FBgn0261596
Q8IQR9,FBgn0052192
A0A0B4LHM3,FBgn0039084
X2JCS6,FBgn0014026
Q8MLS2,FBgn0050410
Q9W1T5,FBgn0034833
A1Z6R4,FBgn0033113
Q9VP94,FBgn0037037
Q9NFT7,FBgn0042710
Q8T0N5,FBgn0033769
Q8T415,FBgn0051802
Q9VHL6,FBgn0046874
X2JIQ5,FBgn0029897
C0HKA1,FBgn0004404
Q8T3U8,FBgn0037995
Q9VVL8,FBgn0036763
Q9VNZ9,FBgn0037115
Q9VLB7,FBgn0004868
Q9W4K0,FBgn0029709
M9PBM5,FBgn0264086
Q9VDQ0,FBgn0260466
Q9W164,FBgn0029501
A0A0B4KEI0,FBgn0033020
Q9VKP3,FBgn0260454
Q9V3G9,FBgn0040371
Q9VF02,FBgn0022787
Q0E8E8,FBgn0026409
Q9U1K7,FBgn0040396
Q6NN55,FBgn0033476
Q9Y1B2,FBgn0023180
Q9W0I3,FBgn0035198
Q9VNR1,FBgn0037191
Q9VZZ6,FBgn0035355
A1ZAA9,FBgn0034081
Q8IPG9,FBgn0261822
Q8SXR1,FBgn0053126
Q8IR72,FBgn0052638
Q9VDW7,FBgn0038708
Q9XY35,FBgn0011227
P13008,FBgn0261597
Q9VLR7,FBgn0031999
A0A0S0X2Z2,FBgn0267449
P18934,FBgn0013683
Q94516,FBgn0019644
Q9VU30,FBgn0036329
Q9VD61,FBgn0038919
Q7KUM9,FBgn0036499
Q9VPM3,FBgn0031240
Q9Y102,FBgn0261258
Q9W057,FBgn0035299
Q7K2E1,FBgn0033717
P11146,FBgn0001217
A8DYG8,FBgn0085489
M9PB90,FBgn0027568
Q9VNF5,FBgn0037356
Q9W2E8,FBgn0034645
Q9VIH9,FBgn0032899
Q95U34,FBgn0263199
Q7K035,FBgn0033243
Q8T975,FBgn0038656
A8JRC1,FBgn0039358
Q9VN86,FBgn0037298
P50882,FBgn0015756
Q9I7U2,FBgn0035321
Q7K0L5,FBgn0034225
Q9VZQ8,FBgn0035438
X2J9F3,FBgn0262647
Q29QL9,FBgn0265272
Q9V3W2,FBgn0001989
P21914,FBgn0014028
Q7JZE8,FBgn0033903
Q9W5W8,FBgn0031092
Q9U599,FBgn0029084
Q6IHT7,FBgn0261055
A1Z823,FBgn0033468
Q9VEQ6,FBgn0038458
Q24498,FBgn0011286
Q9VVK4,FBgn0036751
A0A0B4KEL0,FBgn0010548
Q8T4B6,FBgn0250821
A0A0B4LGQ1,FBgn0010213
Q8IPG0,FBgn0032010
Q9W457,FBgn0029823
Q9W172,FBgn0035005
Q9V3B1,FBgn0028903
M9PG62,FBgn0261396
A0A4W0WZA6,FBgn0061435
Q9XYZ9,FBgn0027590
Q9VAY3,FBgn0039561
Q9VRK6,FBgn0035598
Q9VG47,FBgn0038069
Q9VJR1,FBgn0013301
A0A0B4LEY6,FBgn0086904
P36241,FBgn0285950
Q9W412,FBgn0029859
Q9VKT1,FBgn0051872
Q9VJT4,FBgn0261529
Q9W1T3,FBgn0034835
Q7JVP4,FBgn0033155
A1ZAD2,FBgn0034105
M9MRT5,FBgn0032515
Q8T4I0,FBgn0036161
Q9W3H4,FBgn0030026
P55830,FBgn0017545
Q7KLX3,FBgn0021795
Q7KUT2,FBgn0036892
Q8IRZ1,FBgn0040028
P41093,FBgn0010409
Q9VGD7,FBgn0037986
A1Z8T9,FBgn0033687
Q4V671,FBgn0034505
Q9VQS0,FBgn0031545
Q9VAM8,FBgn0039651
P00408,FBgn0013675
Q9VAV5,FBgn0013813
Q8T3J9,FBgn0267689
Q8SYJ2,FBgn0052230
Q8MRN4,FBgn0051025
Q9U5L1,FBgn0010391
Q03334,FBgn0010265
Q9VVW1,FBgn0015586
Q9VB43,FBgn0039511
Q9W3X6,FBgn0286222
B7Z0B3,FBgn0035452
Q9VI25,FBgn0037447
Q9VG82,FBgn0038037
Q8T465,FBgn0033953
P04388,FBgn0003206
M9PCY6,FBgn0264340
M9MRM4,FBgn0283500
Q9VFQ9,FBgn0000454
Q9W2J0,FBgn0050391
Q9VIU7,FBgn0032799
Q7JX82,FBgn0010504
Q9VAM6,FBgn0062442
Q9VFF6,FBgn0038266
Q9VNF4,FBgn0051546
Q86BN8,FBgn0039111
Q8T476,FBgn0052392
Q9VNB9,FBgn0037328
Q9VKG0,FBgn0032369
X2JEY5,FBgn0052626
Q8IPZ3,FBgn0031500
Q9VVP4,FBgn0036784
Q9VWT3,FBgn0030932
Q9VKM3,FBgn0010612
A1ZAE9,FBgn0034121
Q7JZK1,FBgn0033570
Q9VL61,FBgn0032167
A1Z9E3,FBgn0024556
P00417,FBgn0013676
Q9VAL0,FBgn0040623
Q9VWA6,FBgn0036962
Q9VMQ5,FBgn0031713
P52029,FBgn0003074
Q9VD59,FBgn0038921
Q4V3Y0,FBgn0261358
Q9VZ94,FBgn0035567
P10987,FBgn0000042
Q9W4H4,FBgn0029722
A4V2B8,FBgn0264492
Q9VW12,FBgn0036887
Q6GV06,FBgn0040097
Q9VUE5,FBgn0003459
Q0KI05,FBgn0039510
Q9VZZ8,FBgn0062517
Q5LJP0,FBgn0001313
Q9VKZ5,FBgn0032219
Q9VKI8,FBgn0032350
A1Z9G3,FBgn0033860
Q9V9P6,FBgn0032968
Q9VVU2,FBgn0036825
Q8INR8,FBgn0051286
B6IDY5,FBgn0025454
Q8MKK4,FBgn0033644
Q8T0R3,FBgn0052026
O17445,FBgn0028697
Q9VB96,FBgn0051075
Q95R35,FBgn0052064
O97125,FBgn0001230
E2QD63,FBgn0029676
Q9VBR4,FBgn0039331
Q1ECA7,FBgn0051659
Q9VTL0,FBgn0036183
N0D8I3,FBgn0028982
Q9VTU4,FBgn0036258
A0A0B4LG36,FBgn0010228
Q9VKV1,FBgn0027611
Q59E55,FBgn0259986
A1ZBP5,FBgn0034467
Q9W4W8,FBgn0024992
A1ZAW7,FBgn0034251
F3YD80,FBgn0261996
P08645,FBgn0004636
Q9VGC1,FBgn0038000
Q9W0A8,FBgn0026372
Q9VBQ0,FBgn0261287
Q9W041,FBgn0035316
Q9W2A3,FBgn0034684
Q9VQR2,FBgn0021967
Q9VN58,FBgn0260794
P18931,FBgn0262952
Q9V6U9,FBgn0033883
M9PH86,FBgn0259110
Q8IPV8,FBgn0051921
Q9VCJ6,FBgn0039104
Q9W4C5,FBgn0029762
Q9W0Q5,FBgn0035139
Q24404,FBgn0004171
Q9VLR0,FBgn0032004
Q9VJZ4,FBgn0032511
P83474,FBgn0259151
Q9VZ64,FBgn0030239
Q9VAL7,FBgn0015622
Q7KV95,FBgn0035348
Q9VFC4,FBgn0038296
Q9W1V2,FBgn0034816
Q9VT84,FBgn0036072
Q5LJN3,FBgn0046323
Q8IQF8,FBgn0086254
B7Z095,FBgn0053287
Q9VQG4,FBgn0019830
Q8IMU4,FBgn0051115
E1JIK9,FBgn0038294
Q9VAZ0,FBgn0039554
Q76NQ0,FBgn0053303
Q24319,FBgn0014868
Q9VH77,FBgn0286506
Q9VGB6,FBgn0011270
Q8MLN3,FBgn0050429
Q9VEZ6,FBgn0038395
Q9VKY3,FBgn0032229
O18333,FBgn0014009
Q961W5,FBgn0045770
Q9VKV8,FBgn0032248
Q9VIX8,FBgn0032772
Q9VLT3,FBgn0267488
M9PBR6,FBgn0053523
Q8IRI8,FBgn0052483
Q9W272,FBgn0034713
Q9W2V8,FBgn0030195
Q9VFY6,FBgn0038122
A8DYP0,FBgn0053519
Q9VC57,FBgn0039213
Q9W1B2,FBgn0034973
Q86BN5,FBgn0038957
Q06559,FBgn0002622
Q9VA43,FBgn0039799
Q9VMG8,FBgn0031785
C0HL66,FBgn0014857
Q9VYH1,FBgn0030449
Q7K110,FBgn0034277
X2JI73,FBgn0029667
Q9VP10,FBgn0037105
Q9W168,FBgn0035009
Q9VFM5,FBgn0038208
Q9VTI3,FBgn0036160
Q94524,FBgn0024432
Q9VZ77,FBgn0035581
Q9VGB2,FBgn0038008
P23226,FBgn0002645
Q9VFP1,FBgn0038194
Q9VFG4,FBgn0038258
Q8INX4,FBgn0086681
Q8INW8,FBgn0051798
Q9VQE1,FBgn0250835
Q9VTL4,FBgn0036186
O62619,FBgn0267385
Q500X4,FBgn0033868
P35381,FBgn0011211
C1C553,FBgn0038294
A0A0B4LHC9,FBgn0034914
D2A6K3,FBgn0058064
Q9VM21,FBgn0031905
P54351,FBgn0266464
O18338,FBgn0262518
Q9VF08,FBgn0038387
Q9VPW5,FBgn0031301
P39018,FBgn0010412
Q9VX36,FBgn0030853
Q9W0F0,FBgn0028567
P13060,FBgn0000559
Q9VVF0,FBgn0036706
Q9VT14,FBgn0036014
Q9W0U9,FBgn0263988
E1JHQ1,FBgn0001142
Q9VGY1,FBgn0037826
Q9VCI0,FBgn0039115
Q9W4S4,FBgn0029659
X2JC79,FBgn0262734
Q9VVZ4,FBgn0036870
Q9VW68,FBgn0036927
Q9V4E0,FBgn0039909
P18929,FBgn0013679
Q9VS90,FBgn0035799
A2VEQ4,FBgn0085316
E1JHJ9,FBgn0020503
A1ZAA5,FBgn0001124
Q8T4D4,FBgn0031784
Q9VHJ8,FBgn0037643
A1Z9G4,FBgn0033861
Q9VPF3,FBgn0036992
Q05825,FBgn0010217
P48148,FBgn0014020
A1Z9G8,FBgn0033864
Q9VGT9,FBgn0037860
Q6ILD8,FBgn0054012
Q9VJ28,FBgn0032729
Q9VW08,FBgn0260461
Q26365,FBgn0003360
P91927,FBgn0284252
Q9VLM5,FBgn0263852
Q9VLY0,FBgn0031941
Q7KT67,FBgn0028857
Q9W206,FBgn0050268
Q1RL12,FBgn0015777
A0A0B4KFD6,FBgn0015872
Q9VZF6,FBgn0035515
Q9V3M9,FBgn0028902
Q8INK2,FBgn0037913
Q9VRX3,FBgn0052396
Q9VK47,FBgn0032464
A1Z787,FBgn0033248
P28750,FBgn0000615
Q7KTH6,FBgn0262002
Q9VAK5,FBgn0039669
Q9VDZ2,FBgn0038685
Q9VBP6,FBgn0039349
Q9VMA4,FBgn0031844
Q9VZL3,FBgn0035471
P09180,FBgn0003279
Q9VKR0,FBgn0032292
Q9VX63,FBgn0030833
X2JE06,FBgn0032518
Q8IN01,FBgn0051161
Q7KUB1,FBgn0001248
Q9W004,FBgn0035348
Q9VNX4,FBgn0037138
Q9V3K5,FBgn0028870
O46067,FBgn0023529
Q8ING2,FBgn0051533
Q7JWF1,FBgn0286783
Q7KTW5,FBgn0037063
Q9VAZ1,FBgn0267366
P55841,FBgn0017579
Q9VJ86,FBgn0284256
M9PDX6,FBgn0026189
Q9VVW3,FBgn0036843
A0A126GUR5,FBgn0260463
P41043,FBgn0010226
Q4QPW2,FBgn0034478
Q9VPR1,FBgn0031263
A0A0B4JD76,FBgn0284250
Q9VEX6,FBgn0287225
P22817,FBgn0001247
Q8MST3,FBgn0053490
Q9VJM6,FBgn0028856
Q9VB86,FBgn0029170
Q7K508,FBgn0033574
Q9VWG3,FBgn0285947
Q9VLD1,FBgn0032109
Q9VXD2,FBgn0030770
Q9V9W5,FBgn0039855
Q961W9,FBgn0053191
Q9VTP5,FBgn0036214
Q9V9W4,FBgn0039856
Q7KSE0,FBgn0038575
Q7KVW9,FBgn0061196
Q9VYD9,FBgn0030478
Q8INJ3,FBgn0037970
Q9VVL7,FBgn0036762
Q9VVH5,FBgn0036728
P32023,FBgn0000721
Q9VHN7,FBgn0037607
Q8T0U2,FBgn0034144
Q8MKN0,FBgn0050493
A0A0B4K7L1,FBgn0003071
E1JHT6,FBgn0053113
Q9VWD1,FBgn0031066
Q9VIB6,FBgn0015574
Q8ING1,FBgn0051327
Q9V9P1,FBgn0032972
Q867T3,FBgn0264489
Q5LJN5,FBgn0267433
Q9VXZ0,FBgn0030605
A0A0B4K849,FBgn0263391
A0A0B4KI32,FBgn0027598
Q7KE33,FBgn0043530
Q9VD58,FBgn0038922
M9PBL3,FBgn0001233
Q9VX70,FBgn0265267
Q7K569,FBgn0022160
Q9VB54,FBgn0039503
Q9VFB9,FBgn0038301
Q8IND4,FBgn0051294
Q9W414,FBgn0028685
F2FB46,FBgn0264078
Q9VKG6,FBgn0032365
Q9VQF4,FBgn0031451
Q9VAC1,FBgn0039737
Q9W4P5,FBgn0285910
Q9VEY4,FBgn0038401
Q9W2K0,FBgn0034601
Q9VJK1,FBgn0032590
A1Z6J6,FBgn0033056
Q9VFN5,FBgn0038200
Q8STG9,FBgn0086357
P48809,FBgn0004838
Q9VQH0,FBgn0031462
P16378,FBgn0001122
Q9VXK3,FBgn0030721
Q9VAT7,FBgn0039598
Q9VCX6,FBgn0038993
Q9VX02,FBgn0030883
Q7KT15,FBgn0053322
P50887,FBgn0015288
A1ZB83,FBgn0034345
P41073,FBgn0004401
Q7JRQ2,FBgn0034506
Q4ABD8,FBgn0053807
Q9VLC8,FBgn0032111
Q9VAW6,FBgn0039577
Q9VF44,FBgn0038355
Q9VYI6,FBgn0052649
Q9V400,FBgn0028427
Q961L5,FBgn0050350
Q95SE8,FBgn0036318
Q9VCN3,FBgn0039071
Q9W3N9,FBgn0029969
P61857,FBgn0003889
Q4V3Y4,FBgn0050488
Q9VA28,FBgn0039809
Q4V4V0,FBgn0085486
Q9VQI4,FBgn0031476
Q9VTB4,FBgn0047038
Q8T4G5,FBgn0036702
Q9VP43,FBgn0052436
Q7K5K3,FBgn0039635
Q9V3Z7,FBgn0028892
Q6IM52,FBgn0085228
Q9VJP0,FBgn0028880
Q9W1U8,FBgn0034820
Q9W0Y9,FBgn0035078
Q9W125,FBgn0035046
Q9VN64,FBgn0037283
Q9VF23,FBgn0038373
Q8IQF3,FBgn0052081
Q9VS00,FBgn0035724
Q960W6,FBgn0034142
Q9VCQ3,FBgn0039058
Q8MME7,FBgn0050275
Q9VEG5,FBgn0038539
Q86NT5,FBgn0029154
A1ZBF7,FBgn0028669
Q7K209,FBgn0033735
Q9W3A0,FBgn0030078
Q8T3V7,FBgn0051803
P48588,FBgn0086472
Q9W4I5,FBgn0025612
Q9VKP4,FBgn0260453
A8QI20,FBgn0085692
Q7KTA9,FBgn0028848
M9PGL7,FBgn0016041
Q8IMW8,FBgn0053340
Q9VK40,FBgn0032471
Q7KSC4,FBgn0038662
Q8T421,FBgn0051910
Q7JUS1,FBgn0050491
Q24239,FBgn0016762
Q9VAF7,FBgn0039707
Q9VKF7,FBgn0032372
Q9VKP2,FBgn0069354
A0A023GQA5,FBgn0002031
Q9VPX7,FBgn0261458
A1Z9G7,FBgn0033863
A8DYI6,FBgn0010551
Q9VV72,FBgn0026061
Q9VM12,FBgn0031913
Q8T4D6,FBgn0037862
Q9VMI3,FBgn0031771
B9ER12,FBgn0263033
P02517,FBgn0001225
Q8T3Z0,FBgn0035638
A1Z7N3,FBgn0033371
Q9VHX4,FBgn0037537
Q7KVA7,FBgn0013811
Q9VPV1,FBgn0031292
Q24154,FBgn0016726
Q7KVQ8,FBgn0030218
Q9VD23,FBgn0038952
Q9VFF0,FBgn0038271
Q9VGD9,FBgn0051358
Q6NLJ5,FBgn0050366
A1ZAU0,FBgn0050103
A0A0B4LGC0,FBgn0020370
Q9V3Y4,FBgn0027786
M9NEV7,FBgn0032897
Q9VBQ5,FBgn0039341
Q9VDR4,FBgn0051213
A0A140SRF8,FBgn0039303
Q9W0F5,FBgn0035218
P17336,FBgn0000261
A1ZAF6,FBgn0029153
Q9VFL8,FBgn0038213
H5V8B8,FBgn0260439
A0A0B4LES3,FBgn0033005
Q8IPD2,FBgn0051874
Q95V50,FBgn0046697
Q4V6M1,FBgn0287788
Q24372,FBgn0010238
A1Z9T6,FBgn0033954
Q9W083,FBgn0035273
A0A0B4KG52,FBgn0038233
Q86BP1,FBgn0038326
Q9VFT7,FBgn0038163
Q8MSI2,FBgn0020908
Q8INI3,FBgn0051347
Q8T8W3,FBgn0016693
Q9VXN8,FBgn0030696
Q7KE32,FBgn0043533
A1Z7D7,FBgn0050364
Q9VR92,FBgn0031108
O18335,FBgn0015790
Q9W2S6,FBgn0030224
Q8IN49,FBgn0051195
Q9W1D3,FBgn0034957
Q6AWN0,FBgn0052068
Q9VMR6,FBgn0031703
Q9VD20,FBgn0263048
Q9VI33,FBgn0037455
Q9V7D2,FBgn0022097
Q86BM2,FBgn0052988
Q9VP96,FBgn0037035
Q9VBJ6,FBgn0039398
Q9VK83,FBgn0032434
Q9W335,FBgn0028327
A1Z7P1,FBgn0033377
A0A0B4KFZ7,FBgn0037715
A0A0B4KFW5,FBgn0028372
Q9VG22,FBgn0038089
Q86BI4,FBgn0014163
Q9VGU6,FBgn0042094
Q9V9X3,FBgn0039850
Q8IRH0,FBgn0261243
Q8I0G5,FBgn0028968
Q9VEM4,FBgn0038486
Q95083,FBgn0016697
Q9VJ19,FBgn0086710
Q9VXP5,FBgn0030691
Q9VJC3,FBgn0032649
A1Z7H8,FBgn0033321
Q9VPS5,FBgn0011244
Q7KN75,FBgn0027835
A1ZAM7,FBgn0034175
Q8IP17,FBgn0051816
M9MSK7,FBgn0266084
Q9W1K6,FBgn0034898
Q7KUG5,FBgn0053489
Q95T35,FBgn0035240
Q01604,FBgn0250906
Q9VEY5,FBgn0038400
Q9VAJ9,FBgn0039674
Q9VNT3,FBgn0037172
O46199,FBgn0015584
Q9W3K9,FBgn0029994
Q9VWZ3,FBgn0283476
Q9VR43,FBgn0031644
Q9VVT2,FBgn0036816
Q9VSA3,FBgn0035811
Q8T970,FBgn0051644
Q8IMH4,FBgn0000416
X2JDA5,FBgn0001145
A0A0B7P7M6,FBgn0262123
A1Z867,FBgn0033504
Q8T8Y8,FBgn0050393
Q9VYR5,FBgn0030359
Q8INZ7,FBgn0052832
Q9I7T5,FBgn0035473
X2J9R2,FBgn0021944
Q9VP61,FBgn0012034
Q9V7Y2,FBgn0010591
Q9VNK8,FBgn0037398
Q9VPE2,FBgn0037001
Q960M4,FBgn0038570
Q9VL66,FBgn0032162
Q8T4C4,FBgn0036568
A1Z9B0,FBgn0033818
P18935,FBgn0013678
Q8MLR1,FBgn0266377
Q9GQQ0,FBgn0086676
Q7K1W4,FBgn0034406
A1Z729,FBgn0033205
Q9VMK1,FBgn0031757
Q9V3Q7,FBgn0038690
E1JHL3,FBgn0261349
Q9VYM2,FBgn0030396
Q8IQZ7,FBgn0024238
Q9VPT2,FBgn0031279
O61491,FBgn0024754
Q0E9B6,FBgn0033699
P48810,FBgn0004237
Q9VY05,FBgn0030593
Q9VBF5,FBgn0039425
Q0E8P1,FBgn0032774
A8JQT2,FBgn0085454
Q960D4,FBgn0025628
A1A709,FBgn0085327
A0A0B4K790,FBgn0013995
Q5LJN2,FBgn0046698
Q9V9T4,FBgn0027620
Q9VZ67,FBgn0040850
Q9W1S3,FBgn0034844
Q9VF53,FBgn0267408
Q9VYN5,FBgn0030384
A0A0B4KEK7,FBgn0033669
Q9VP02,FBgn0043783
Q9VZJ8,FBgn0035484
P06605,FBgn0003885
A1Z6L9,FBgn0026761
Q7JWU2,FBgn0033680
A0A0S0X8W1,FBgn0267592
Q9W3J8,FBgn0030004
A0A0B4K7L9,FBgn0263271
Q8IPY5,FBgn0051948
A1ZBQ7,FBgn0034477
Q8T4A3,FBgn0037101
Q9VHP0,FBgn0263231
Q7K172,FBgn0034176
Q9VP67,FBgn0037059
A0A0B4KGG1,FBgn0037565
A8QI34,FBgn0267363
Q9VWF3,FBgn0031045
Q8SXY6,FBgn0045866
Q95TZ4,FBgn0037988
Q9W555,FBgn0028969
Q9VFT4,FBgn0015778
A1Z9B2,FBgn0033819
Q9VJC4,FBgn0032648
Q0KI07,FBgn0083966
Q9VM14,FBgn0283658
A4V3G1,FBgn0000064
P00850,FBgn0013672
Q8IN79,FBgn0051231
Q9VDT1,FBgn0038742
Q9W100,FBgn0035069
A1Z9J3,FBgn0013733
Q9VG36,FBgn0038078
P46222,FBgn0013325
Q9VDW9,FBgn0038706
O46052,FBgn0023540
Q7JRQ1,FBgn0053140
Q7KVJ6,FBgn0265187
A1Z7N0,FBgn0033369
Q9Y166,FBgn0027610
Q9V3Q0,FBgn0028858
A4UZR3,FBgn0003748
P61851,FBgn0003462
Q9VK88,FBgn0032431
X2JE60,FBgn0266098
Q9VGD8,FBgn0037985
A8DYC7,FBgn0085264
A1Z943,FBgn0261625
Q8SWX6,FBgn0039265
Q9VDX9,FBgn0051245
Q9VI03,FBgn0037514
P17704,FBgn0005533
P91929,FBgn0019957
Q9VN50,FBgn0037270
A1Z9V3,FBgn0033969
Q7KU14,FBgn0031407
Q9VST4,FBgn0035957
P84345,FBgn0013673
Q8MLT8,FBgn0050278
Q9W4S5,FBgn0029658
A0A0B4LG30,FBgn0034463
Q8SXR7,FBgn0034999
Q9VYY2,FBgn0030306
Q0KI77,FBgn0038067
Q9W4Y1,FBgn0040376
Q9VH24,FBgn0051477
P20349,FBgn0001281
Q9VMU0,FBgn0031684
X2JGK6,FBgn0036211
P12982,FBgn0004103
Q9VVU8,FBgn0036830
Q9VJG0,FBgn0026150
Q9VG69,FBgn0038049
A1ZBT3,FBgn0034502
Q9VN13,FBgn0037239
Q9VLI6,FBgn0032061
Q9VHW0,FBgn0037547
A1Z8V6,FBgn0033705
A1Z7D9,FBgn0050363
Q8MSL1,FBgn0051391
Q8IMJ2,FBgn0051029
Q9VWN3,FBgn0030975
Q9VVH0,FBgn0036723
O01666,FBgn0020235
Q9VCN4,FBgn0039070
Q9VDY0,FBgn0038697
Q0E8T1,FBgn0250847
Q9VLC5,FBgn0012036
P54611,FBgn0283535
A1Z9G6,FBgn0033862
Q9VRD4,FBgn0031143
Q9VKW5,FBgn0032242
A0A0B4JCS8,FBgn0261686
A1ZBJ2,FBgn0034432
Q9VPL8,FBgn0031235
Q8MMD3,FBgn0035060
Q9VY83,FBgn0030525
Q8SXF2,FBgn0039529
Q9W1B9,FBgn0034968
Q9W1U2,FBgn0034826
O18404,FBgn0021765
Q9VM79,FBgn0031861
Q7KN85,FBgn0020236
Q94523,FBgn0261439
Q9VIY1,FBgn0032769
Q9VQ17,FBgn0031345
Q8MSJ9,FBgn0034566
Q7KN97,FBgn0027580
Q9VB46,FBgn0015737
B4ZJ91,FBgn0259952
Q9VA73,FBgn0028646
Q9VUZ0,FBgn0011016
Q8SX97,FBgn0036222
Q9VCW1,FBgn0039006
Q9VG87,FBgn0038032
Q94511,FBgn0017566
Q9W3L0,FBgn0029993
A0A0B4KH94,FBgn0285925
P19967,FBgn0000406
P91938,FBgn0020653
C0PDF4,FBgn0042138
Q9VD15,FBgn0038960
Q9W3R8,FBgn0029942
Q9VYI7,FBgn0052650
Q9VSM7,FBgn0052351
A4V4A5,FBgn0020255
Q9VCI4,FBgn0039113
P15357,FBgn0003942
Q9VP57,FBgn0259785
X2JAD3,FBgn0028540
Q9VU17,FBgn0036316
Q7JQR3,FBgn0033814
Q24208,FBgn0263740
Q9VIX9,FBgn0032771
Q9VIB2,FBgn0037506
Q9VY65,FBgn0040871
Q9V9S8,FBgn0266268
O02195,FBgn0015834
P38979,FBgn0003517
Q2PDQ0,FBgn0054027
Q9VKC8,FBgn0032397
Q9W3X5,FBgn0029890
Q86BI5,FBgn0053060
Q8T8W0,FBgn0033286
Q6NR72,FBgn0034885
Q9VW72,FBgn0036931
Q8IRH9,FBgn0035197
M9PGV7,FBgn0003371
Q7JUS9,FBgn0034497
Q8T3Y0,FBgn0259794
Q9VF27,FBgn0017567
Q9W0B8,FBgn0025725
Q7K3R0,FBgn0034127
Q9W392,FBgn0030086
Q9VE97,FBgn0038598
Q9VSD6,FBgn0026252
Q0E8X7,FBgn0250838
Q8I725,FBgn0037370
Q8MR63,FBgn0052445
Q9U9Q4,FBgn0022023
Q7JRP4,FBgn0033610
P18932,FBgn0013684
Q9VDE2,FBgn0038858
Q9I7J1,FBgn0038744
P03896,FBgn0013680
Q9VAC4,FBgn0039735
Q9VT87,FBgn0036075
A1Z7S3,FBgn0002567
Q8IQG3,FBgn0028667
A0A0B4LFZ4,FBgn0286784
A8Y5B7,FBgn0267432
Q8MSM7,FBgn0052181
Q9VH61,FBgn0037759
B7Z064,FBgn0259739
M9PHG2,FBgn0011661
Q8SY53,FBgn0032015
Q5BI51,FBgn0033283
Q7JVN4,FBgn0050362
M9MRD1,FBgn0261836
Q9VU29,FBgn0036328
Q9W2J4,FBgn0027073
Q9VVX5,FBgn0026630
A1Z905,FBgn0050334
Q07171,FBgn0010225
Q9W499,FBgn0029785
A8DYC5,FBgn0085468
A0A0B4LGE9,FBgn0264299
Q9VN14,FBgn0037240
Q9VJC6,FBgn0013810
Q9VQY5,FBgn0031596
Q9VV75,FBgn0250814
Q9VXK0,FBgn0030724
P07909,FBgn0001215
Q8T0L3,FBgn0023143
Q7KTX4,FBgn0053286
Q9VNW4,FBgn0037147
Q7K2W2,FBgn0033149
M9PGG0,FBgn0037182
Q9VGJ2,FBgn0025821
Q9VFV9,FBgn0038145
Q9VEK4,FBgn0038506
Q9VB10,FBgn0039537
Q9VEQ1,FBgn0038462
Q9VIJ0,FBgn0032889
M9NED4,FBgn0030320
Q7KT70,FBgn0001987
Q9V405,FBgn0028686
M9PDW3,FBgn0085446
Q9VLV3,FBgn0053121
Q9VDL4,FBgn0038804
Q8T429,FBgn0037038
Q107I8,FBgn0045761
Q9VA18,FBgn0010808
Q9VJC5,FBgn0032647
A0A0B4LH20,FBgn0287844
O97477,FBgn0025885
M9PF25,FBgn0011206
Q9VK12,FBgn0032494
Q5BIE4,FBgn0034394
Q9VN93,FBgn0260462
Q9VVA6,FBgn0021768
Q8IRW8,FBgn0023518
Q9VDC0,FBgn0038878
Q9VMD9,FBgn0011722
Q9W4J7,FBgn0029712
Q7KVQ7,FBgn0052675
Q9V3H2,FBgn0028694
Q9VTR6,FBgn0028573
Q9W0M4,FBgn0035165
A0A0B4KH25,FBgn0001197
Q7KMQ0,FBgn0028687
Q9W4E6,FBgn0029745
P91926,FBgn0264855
A0A0B4K7U5,FBgn0020279
M9PBZ9,FBgn0015218
Q9V4E6,FBgn0039914
Q8IQ72,FBgn0041232
Q9VX82,FBgn0065032
Q7KTA0,FBgn0003255
Q9VNC0,FBgn0037329
Q95RE4,FBgn0022959
Q9VB81,FBgn0039481
O15971,FBgn0015789
A1ZA77,FBgn0034059
G3JX28,FBgn0265991
P22769,FBgn0004066
P91941,FBgn0020765
Q07327,FBgn0004574
Q8IQH0,FBgn0013997
M9PFX4,FBgn0036881
P32748,FBgn0000447
Q9VFV0,FBgn0038153
Q9VEH0,FBgn0038535
A0A0B4JD15,FBgn0050054
Q9W058,FBgn0035298
Q9VUH4,FBgn0036446
E1JI84,FBgn0035944
A0A0B4KI37,FBgn0263289
A0A0B4KHN3,FBgn0263289
Q9VGA1,FBgn0042206
Q9VXJ0,FBgn0030731
Q9VUK8,FBgn0027088
Q9VA77,FBgn0039769
Q9VN44,FBgn0087013
Q8SYL3,FBgn0020660
X2J8T8,FBgn0002856
P54622,FBgn0010438
P17210,FBgn0001308
Q8MS37,FBgn0284435
Q9VMU4,FBgn0261608
Q9VIF2,FBgn0032923
Q01989,FBgn0011225
Q95RV5,FBgn0050499
Q0KIE7,FBgn0011747
Q9VSC5,FBgn0035830
Q9VYX8,FBgn0030309
A1Z8H7,FBgn0033603
Q9V3U6,FBgn0250848
Q9W2Z6,FBgn0052694
Q9W1T1,FBgn0034837
Q9VCR9,FBgn0039043
Q9W289,FBgn0034697
Q9VQF7,FBgn0031453
E2QD73,FBgn0000479
A1Z934,FBgn0033761
O77434,FBgn0260855
M9PHE1,FBgn0030376
Q9W5C2,FBgn0040340
M9MRJ4,FBgn0261836
Q9W373,FBgn0030102
Q7JVI3,FBgn0033902
Q9VQZ5,FBgn0031603
O76268,FBgn0024947